{
    "Square": {
        "class": "Balance",
        "hp": 100,
        "health_regen": 1.2,
        "shield": 100,
        "shield_regen": 1.0,
        "firerate": 1.3,
        "damage": 8,
        "speed": 15,
        "bullet_speed": 10.0,
        "penetration": 1.2
    },
    "Triangle": {
        "class": "Agility",
        "hp": 75,
        "health_regen": 1.2,
        "shield": 50,
        "shield_regen": 1.0,
        "firerate": 2.0,
        "damage": 6,
        "speed": 25,
        "bullet_speed": 10.0,
        "penetration": 1.1
    },
    "Circle": {
        "class": "Strength",
        "hp": 140,
        "health_regen": 1.6,
        "shield": 200,
        "shield_regen": 1.3,
        "firerate": 0.8,
        "damage": 10,
        "speed": 7,
        "bullet_speed": 10.0,
        "penetration": 1.5
    }
}